id,cas,tipo,nome,cas_nome,endereco,endereco_completo_geocodificacao,bairro,cep,email,responsavel,abrangencia,latitude_aproximada,longitude_aproximada,precisao_geocodificacao,fonte
1,1ª CAS,CAS,1ª CAS – CENTRO,CENTRO,"Rua Benedito Hipólito, 163 – 2º andar","Rua Benedito Hipólito, 163 – 2º andar, Rio de Janeiro, RJ, Brasil",2º andar,20211-130,cas1@prefeitura.rio,Viviane Almeida Santos,"Benfica, Caju, Catumbi, Centro, Cidade Nova, Estácio, Gamboa, Lapa, Mangueira, Paquetá, Rio Comprido, Santa Teresa, Santo Cristo, São Cristóvão, Saúde, Vasco da Gama",-22.9068,-43.1729,bairro/CAS aproximado; revisar por geocodificação oficial,Listagem enviada pelo usuário
2,2ª CAS,CAS,"2ª CAS – VILA ISABEL, GRANDE TIJUCA E ZONA SUL","VILA ISABEL, GRANDE TIJUCA E ZONA SUL","Rua Pinheiro Machado, 39 – Fundos – Laranjeiras","Rua Pinheiro Machado, 39 – Fundos – Laranjeiras, Rio de Janeiro, RJ, Brasil",Laranjeiras,22231-090,cas2@prefeitura.rio,Claudia Lasry Martins,"Alto da Boa Vista, Andaraí, Botafogo, Catete, Copacabana, Cosme Velho, Flamengo, Gávea, Glória, Grajaú, Horto, Humaitá, Ipanema, Jardim Botânico, Lagoa, Laranjeiras, Leblon, Leme, Maracanã, Praça da Bandeira, Rocinha, São Conrado, Tijuca, Urca, Vidigal e Vila Isabel",-22.9343,-43.1848,bairro/CAS aproximado; revisar por geocodificação oficial,Listagem enviada pelo usuário
3,3ª CAS,CAS,3ª CAS – ENGENHO NOVO,ENGENHO NOVO,"Rua 24 de Maio, 931 fundos – Engenho Novo (ponto de referência: estação Engenho Novo e GEL- Méier)","Rua 24 de Maio, 931 fundos – Engenho Novo (ponto de referência: estação Engenho Novo e GEL- Méier), Rio de Janeiro, RJ, Brasil",Engenho Novo,20950-092,cas3@prefeitura.rio,Marcia Accioly Cerqueira Serpa,"Abolição, Água Santa, Cachambi, Del Castilho, Encantado, Engenho da Rainha, Engenho de Dentro, Engenho Novo, Higienópolis, Inhaúma (parte), Jacaré, Jacarezinho, Lins de Vasconcelos, Maria da Graça, Méier, Piedade, Pilares, Riachuelo, Rocha, Sampaio, São Francisco Xavier, Todos os Santos e Tomás Coelho (parte)",-22.9028,-43.2677,bairro/CAS aproximado; revisar por geocodificação oficial,Listagem enviada pelo usuário
4,4ª CAS,CAS,4ª CAS – BONSUCESSO,BONSUCESSO,"Rua Professor Lacé, 57 – Ramos","Rua Professor Lacé, 57 – Ramos, Rio de Janeiro, RJ, Brasil",Ramos,21060-120,cas4@prefeitura.rio,Karina da Silva,"Bancários, Bonsucesso, Brás de Pina, Cacuia, Cidade Universitária, Cocotá, Complexo do Alemão, Cordovil, Freguesia (Ilha do Governador), Galeão, Jardim América, Jardim Carioca, Jardim Guanabara, Manguinhos, Maré, Moneró, Olaria, Parada de Lucas, Pavuna (parte), Penha, Penha Circular, Pitangueiras, Portuguesa, Praia da Bandeira, Ramos, Ribeira, Tauá, Vigário Geral, Vila da Penha (parte) e Zumbi",-22.852,-43.255,bairro/CAS aproximado; revisar por geocodificação oficial,Listagem enviada pelo usuário
5,5ª CAS,CAS,5ª CAS – MADUREIRA,MADUREIRA,"Rua Carvalho de Souza, 274 / Sala 8 – Madureira (XV R.A)","Rua Carvalho de Souza, 274 / Sala 8 – Madureira (XV R.A), Rio de Janeiro, RJ, Brasil",Madureira,21350-180,cas5@prefeitura.rio,Claudia de Paiva de Castro,"Bento Ribeiro, Campinho, Cascadura, Cavalcanti, Coelho Neto, Engenheiro Leal, Guadalupe, Honório Gurgel, Madureira, Marechal Hermes, Mariópolis (parte), Oswaldo Cruz, Parque Anchieta, Quintino Bocaiúva, Ricardo de Albuquerque, Rocha Miranda, Turiaçu e Vaz Lobo",-22.87,-43.3391,bairro/CAS aproximado; revisar por geocodificação oficial,Listagem enviada pelo usuário
6,6ª CAS,CAS,6ª CAS – IRAJÁ,IRAJÁ,"Rua Capitão Aliatar Martins, 211 – Irajá","Rua Capitão Aliatar Martins, 211 – Irajá, Rio de Janeiro, RJ, Brasil",Irajá,21235-515,cas6@prefeitura.rio,Leila Marques,"Acari, Anchieta (parte), Barros Filho, Colégio, Costa Barros, Irajá, Parque Colúmbia, Pavuna, Vincente de Carvalho, Vila da Penha, Vila Kosmos e Vista Alegre",-22.8314,-43.3231,bairro/CAS aproximado; revisar por geocodificação oficial,Listagem enviada pelo usuário
7,7ª CAS,CAS,7ª CAS – JACAREPAGUÁ,JACAREPAGUÁ,"Av. Ayrton Senna, 2001 BL C – Barra da Tijuca","Av. Ayrton Senna, 2001 BL C – Barra da Tijuca, Rio de Janeiro, RJ, Brasil",Barra da Tijuca,22775-002,cas7@prefeitura.rio,Elaine Cristina Montenegro,"Anil, Barra da Tijuca, Camorim, Cidade de Deus, Colônia, Curicica, Freguesia (Jacarepaguá), Gardênia Azul, Grumari, Itanhagá, Jacarepaguá, Joá, Pechincha, Praça Seca, Recreio dos Bandeirantes, Tanque, Taquara, Vargem Grande, Vargem Pequena, Vila Valqueire",-23.0004,-43.3659,bairro/CAS aproximado; revisar por geocodificação oficial,Listagem enviada pelo usuário
8,8ª CAS,CAS,8ª CAS – BANGU,BANGU,"Rua Santa Cecília, 984 / 2º andar – Bangu","Rua Santa Cecília, 984 / 2º andar – Bangu, Rio de Janeiro, RJ, Brasil",Bangu,21810-080,cas8@prefeitura.rio,Rosilaine Rabelo,"Bangu, Campo dos Afonso, Deodoro, Gericinó, Jabour, Jardim Sulacap, Magalhães Bastos, Padre Miguel, Realengo, Santíssimo (até ETERJ), Senador Camará e Vila Militar",-22.8808,-43.4693,bairro/CAS aproximado; revisar por geocodificação oficial,Listagem enviada pelo usuário
9,9ª CAS,CAS,9ª CAS – CAMPO GRANDE,CAMPO GRANDE,"Rua do Rádio, s\nº (Praça José Euzébio) – Campo Grande","Rua do Rádio, s\nº (Praça José Euzébio) – Campo Grande, Rio de Janeiro, RJ, Brasil",Campo Grande,23087-060,cas9@prefeitura.rio,Tatiana Fonseca,"Campo Grande, Cosmos, Inhoaíba, Santíssimo e Senador Vasconcelos",-22.9035,-43.5585,bairro/CAS aproximado; revisar por geocodificação oficial,Listagem enviada pelo usuário
10,10ª CAS,CAS,10ª CAS – SANTA CRUZ,SANTA CRUZ,"Rua Fernanda, 155 – Santa Cruz (Superintendência Regional de Santa Cruz)","Rua Fernanda, 155 – Santa Cruz (Superintendência Regional de Santa Cruz), Rio de Janeiro, RJ, Brasil",Santa Cruz,23515-121,cas10@prefeitura.rio,Wagner Andrade,"Barra de Guaratiba, Guaratiba, Ilha de Guaratiba, Paciência, Pedra de Guaratiba, Santa Cruz e Sepetiba",-22.9185,-43.6846,bairro/CAS aproximado; revisar por geocodificação oficial,Listagem enviada pelo usuário
1,1ª CAS,CRAS,CRAS ADALBERTO ISMAEL DE SOUZA,CENTRO,"Rua Ana Neri, 636 – Benfica (dentro da Vila Olímpica da Mangueira – área 3, ao lado do Colégio Santa Mônica)","Rua Ana Neri, 636 – Benfica (dentro da Vila Olímpica da Mangueira – área 3, ao lado do Colégio Santa Mônica), Rio de Janeiro, RJ, Brasil",Benfica,,crasadalbertoismael@prefeitura.rio,Silvana Maria Alves de Araújo dos Santos,"Benfica, Leopoldina, Mangueira e São Cristóvão (parte)",-22.8896,-43.2399,bairro/CAS aproximado; revisar por geocodificação oficial,Listagem enviada pelo usuário
2,1ª CAS,CRAS,CRAS GERMINAL DOMINGUES,CENTRO,"Rua Itapiru, 1.443 / 3º andar – Rio Comprido","Rua Itapiru, 1.443 / 3º andar – Rio Comprido, Rio de Janeiro, RJ, Brasil",Rio Comprido,,crasgerminaldomingues@prefeitura.rio,Adriana Maria Pereira Velasco,"Catumbi, Cidade Nova Estácio e Rio Comprido",-22.9257,-43.2096,bairro/CAS aproximado; revisar por geocodificação oficial,Listagem enviada pelo usuário
3,1ª CAS,CRAS,CRAS DEPUTADO LUIS EDUARDO MAGALHÃES,CENTRO,"Rua Paraíso do Tuiuti, s/no – Morro do Tuiuti – São Cristóvão (Largo do Pedregulho – Favela Bairro)","Rua Paraíso do Tuiuti, s/no – Morro do Tuiuti – São Cristóvão (Largo do Pedregulho – Favela Bairro), Rio de Janeiro, RJ, Brasil",São Cristóvão,,crasdlem@prefeitura.rio,Cláudia Eugênia da Silva,"Benfica, São Cristóvão (Rua São Luis Gonzaga – lado par – e Rua Bela) e Vasco da Gama",-22.8992,-43.2227,bairro/CAS aproximado; revisar por geocodificação oficial,Listagem enviada pelo usuário
4,1ª CAS,CRAS,CRAS XV DE MAIO,CENTRO,"Rua General Sampaio, 74 – Caju (ponto final do ônibus 906)","Rua General Sampaio, 74 – Caju (ponto final do ônibus 906), Rio de Janeiro, RJ, Brasil",Caju,,cras15demaio@prefeitura.rio,Ana Carolina Nunes Ferreira,Caju,-22.8806,-43.2209,bairro/CAS aproximado; revisar por geocodificação oficial,Listagem enviada pelo usuário
5,1ª CAS,CRAS,CRAS DODÔ DA PORTELA,CENTRO,"Rua Rivadávia Corrêa, 188 / 2º andar – Gamboa (ponto de referência: Clínica da Família Nélio de Oliveira)","Rua Rivadávia Corrêa, 188 / 2º andar – Gamboa (ponto de referência: Clínica da Família Nélio de Oliveira), Rio de Janeiro, RJ, Brasil",Gamboa,,crasdododaportela@prefeitura.rio,Flávia Alves,"Centro (parte), Gamboa, Ilha de Paquetá, Santo Cristo e Saúde",-22.8976,-43.1905,bairro/CAS aproximado; revisar por geocodificação oficial,Listagem enviada pelo usuário
6,1ª CAS,CRAS,CRAS PROFESSORA ISMÊNIA DE LIMA MARTINS,CENTRO,"Rua da Alfândega, 114 – Centro (próximo às Casas Bahia)","Rua da Alfândega, 114 – Centro (próximo às Casas Bahia), Rio de Janeiro, RJ, Brasil",Centro,,crasismenialimamartins@prefeitura.rio,Flávia Martins da Silva Pereira,"Centro (Av. Presidente Vargas, lado ímpar), Lapa e Santa Teresa",-22.9068,-43.1729,bairro/CAS aproximado; revisar por geocodificação oficial,Listagem enviada pelo usuário
7,2ª CAS,CRAS,CRAS PRESIDENTE ITAMAR FRANCO,"VILA ISABEL, GRANDE TIJUCA E ZONA SUL","Rua Caçapava, 305 – Grajaú (ponto de referência: Bar da Dona Chica)","Rua Caçapava, 305 – Grajaú (ponto de referência: Bar da Dona Chica), Rio de Janeiro, RJ, Brasil",Grajaú,,craspresidenteitamarfranco@prefeitura.rio,Fábio Santos,Andaraí e Grajaú,-22.9224,-43.2657,bairro/CAS aproximado; revisar por geocodificação oficial,Listagem enviada pelo usuário
8,2ª CAS,CRAS,CRAS ROSANI CUNHA,"VILA ISABEL, GRANDE TIJUCA E ZONA SUL","Rua Visconde de Santa Isabel, 412 – Vila Isabel (ponto de referência: lado esquerdo da Estrada Grajaú-Jacarepaguá, ao lado do jornal O Povo)","Rua Visconde de Santa Isabel, 412 – Vila Isabel (ponto de referência: lado esquerdo da Estrada Grajaú-Jacarepaguá, ao lado do jornal O Povo), Rio de Janeiro, RJ, Brasil",Vila Isabel,,crasrosanicunha@prefeitura.rio,Veronica Couto Vidal da Silva,"Vila Isabel, Maracanã e Engenho Novo (parte)",-22.915,-43.2485,bairro/CAS aproximado; revisar por geocodificação oficial,Listagem enviada pelo usuário
9,2ª CAS,CRAS,CRAS RINALDO DE LAMARE,"VILA ISABEL, GRANDE TIJUCA E ZONA SUL","Av. Niemeyer, 776 / 7º e 9º andares – São Conrado","Av. Niemeyer, 776 / 7º e 9º andares – São Conrado, Rio de Janeiro, RJ, Brasil",São Conrado,,crasrinaldo@prefeitura.rio,Patrícia Soeiro,"Gávea, Rocinha, São Conrado e Vidigal",-22.999,-43.267,bairro/CAS aproximado; revisar por geocodificação oficial,Listagem enviada pelo usuário
10,2ª CAS,CRAS,CRAS PADRE VELOSO,"VILA ISABEL, GRANDE TIJUCA E ZONA SUL","Rua São Clemente, 312 – Botafogo (ponto de referência: Clínica da Família Santa Marta)","Rua São Clemente, 312 – Botafogo (ponto de referência: Clínica da Família Santa Marta), Rio de Janeiro, RJ, Brasil",Botafogo,,craspadrevelloso@prefeitura.rio,Carla Sampaio de Castro e Silva Reis,"Botafogo, Catete, Cosme Velho, Flamengo, Glória, Humaitá, Lagoa (parte) e Laranjeiras",-22.9519,-43.184,bairro/CAS aproximado; revisar por geocodificação oficial,Listagem enviada pelo usuário
11,2ª CAS,CRAS,CRAS TIJUCA,"VILA ISABEL, GRANDE TIJUCA E ZONA SUL","Rua Guapiara, 43 – Tijuca (ponto de referência: Praça Saens Pena)","Rua Guapiara, 43 – Tijuca (ponto de referência: Praça Saens Pena), Rio de Janeiro, RJ, Brasil",Tijuca,,crastijuca.smas@prefeitura.rio,Ana Lucia Bastos de Castro Tannes,"Alto da Boa Vista, Praça da Bandeira e Tijuca",-22.9268,-43.2373,bairro/CAS aproximado; revisar por geocodificação oficial,Listagem enviada pelo usuário
12,2ª CAS,CRAS,CRAS SEBASTIÃO TEODORO FILHO,"VILA ISABEL, GRANDE TIJUCA E ZONA SUL","Rua Saint Roman, 172 – Copacabana (ponto de referência: Clínica da Família)","Rua Saint Roman, 172 – Copacabana (ponto de referência: Clínica da Família), Rio de Janeiro, RJ, Brasil",Copacabana,,crassebastiaoteodorofilho.smas@prefeitura.rio,Simone Rosa,"Copacabana, Ipanema, Leblon e Leme",-22.9711,-43.1822,bairro/CAS aproximado; revisar por geocodificação oficial,Listagem enviada pelo usuário
13,3ª CAS,CRAS,CRAS MARIA DA LUZ DOS SANTOS,ENGENHO NOVO,"Rua Ana Quintão, 380 – Piedade (ponto de referência: Clínica da Família Olga Pacheco)","Rua Ana Quintão, 380 – Piedade (ponto de referência: Clínica da Família Olga Pacheco), Rio de Janeiro, RJ, Brasil",Piedade,,crasmariadaluzdossantos@prefeitura.rio,Maria Janaina Da Silva Fonseca,"Abolição (parte), Engenho da Rainha, Engenho de Dentro, Inhaúma, Piedade (parte), Pilares, Tomás Coelho",-22.8918,-43.3111,bairro/CAS aproximado; revisar por geocodificação oficial,Listagem enviada pelo usuário
14,3ª CAS,CRAS,CRAS SOBRAL PINTO,ENGENHO NOVO,"Rua Pernambuco, 484 – Engenho de Dentro (ponto de referência: Praça Rio Grande do Norte)","Rua Pernambuco, 484 – Engenho de Dentro (ponto de referência: Praça Rio Grande do Norte), Rio de Janeiro, RJ, Brasil",Engenho de Dentro,,crassobralpinto@prefeitura.rio,Jacqueline Carvalho Medeiros,"Abolição (parte), Água Santa, Cachambi (parte), Del Castilho (parte), Encantado, Engenho de Dentro (exceto o lado par da Av. Dom Hélder Câmara e a Comunidade Fernão Cardim), Maria da Graça, Méier (exceto comunidade Boca do Mato), Piedade (parte), Pilares (parte) e Todos os Santos",-22.9029,-43.2952,bairro/CAS aproximado; revisar por geocodificação oficial,Listagem enviada pelo usuário
15,3ª CAS,CRAS,CRAS CAIO FERNANDO ABREU,ENGENHO NOVO,"Rua Lino Teixeira, 112 – Rocha","Rua Lino Teixeira, 112 – Rocha, Rio de Janeiro, RJ, Brasil",Rocha,,crascaiofernandoabreu@prefeitura.rio,Angela Virginia Vieira do Amaral,"Cachambi (parte), Del Castilho (parte), Higienópolis, Jacaré, Jacarezinho e Maria da Graça (parte)",-22.8994,-43.2484,bairro/CAS aproximado; revisar por geocodificação oficial,Listagem enviada pelo usuário
16,3ª CAS,CRAS,CRAS MARY RICHMOND,ENGENHO NOVO,"Rua Conselheiro Ferraz, 54 – Lins de Vasconcelos (ponto de referência: esquina com Rua Vinte de Março)","Rua Conselheiro Ferraz, 54 – Lins de Vasconcelos (ponto de referência: esquina com Rua Vinte de Março), Rio de Janeiro, RJ, Brasil",Lins de Vasconcelos,,crasmaryrichmond@prefeitura.rio,Ana Carla de Souza Pavide,"s: Engenho Novo, Lins de Vasconcelos, Riachuelo, Rocha, São Francisco Xavier (parte) e Sampaio",-22.9117,-43.2858,bairro/CAS aproximado; revisar por geocodificação oficial,Listagem enviada pelo usuário
17,4ª CAS,CRAS,CRAS NELSON MANDELA,BONSUCESSO,"Rua da Regeneração, 654 – Bonsucesso (ponto de referência: passarela 9 da Av. Brasil)","Rua da Regeneração, 654 – Bonsucesso (ponto de referência: passarela 9 da Av. Brasil), Rio de Janeiro, RJ, Brasil",Bonsucesso,,crasnelsonmandela.smas@prefeitura.rio,Viviane dos Santos de Oliveira de Freitas,"Complexo da Maré, Bonsucesso e parte de Ramos",-22.862,-43.2539,bairro/CAS aproximado; revisar por geocodificação oficial,Listagem enviada pelo usuário
18,4ª CAS,CRAS,CRAS NELZA FELIPE PEREIRA,BONSUCESSO,"Rua Rodolfo Chamberlland, s/nº – Jardim América (ponto de referência: Campo do Veras)","Rua Rodolfo Chamberlland, s/nº – Jardim América (ponto de referência: Campo do Veras), Rio de Janeiro, RJ, Brasil",Jardim América,,crasnelzafelipe.smas@prefeitura.rio,Sandra Maria da Silva,"Jardim América, Parada de Lucas e Vigário Geral",-22.8108,-43.3231,bairro/CAS aproximado; revisar por geocodificação oficial,Listagem enviada pelo usuário
19,4ª CAS,CRAS,CRAS PROFESSOR DARCY RIBEIRO,BONSUCESSO,"Estrada Governador Chagas Freitas, 1.900 – Parque Royal (Portuguesa – Ilha do Governador)","Estrada Governador Chagas Freitas, 1.900 – Parque Royal (Portuguesa – Ilha do Governador), Rio de Janeiro, RJ, Brasil",Parque Royal,,craspdcr.smas@prefeitura.rio,Maria da Gloria Alves Costa,"Bancários, Cacuia, Cidade Universitária, Cocotá, Freguesia, Galeão, Jardim Carioca, Jardim Guanabara, Moneró, Portuguesa, Pitangueiras, Praia da Bandeira, Ribeira, Tauá (Dendê, Praia da Rosa, Querosene, Servidores e Sapucaia) e Zumbi",-22.7958,-43.2032,bairro/CAS aproximado; revisar por geocodificação oficial,Listagem enviada pelo usuário
20,4ª CAS,CRAS,CRAS CARLOS DRUMMOND DE ANDRADE,BONSUCESSO,"Rua Taperoá, 308 – Morro de Caracol (Penha)","Rua Taperoá, 308 – Morro de Caracol (Penha), Rio de Janeiro, RJ, Brasil",Morro de Caracol,,crascda.smas@prefeitura.rio,Cláudia Regina,"Olaria, Penha e Ramos (parte)",-22.837,-43.2766,bairro/CAS aproximado; revisar por geocodificação oficial,Listagem enviada pelo usuário
21,4ª CAS,CRAS,CRAS JOÃO FASSARELA,BONSUCESSO,"Rua Flora Lobo, s/nº – Parque Ary Barroso (Penha – ponto de referência: UPA da Penha)","Rua Flora Lobo, s/nº – Parque Ary Barroso (Penha – ponto de referência: UPA da Penha), Rio de Janeiro, RJ, Brasil",Parque Ary Barroso,,crasjoaofassarela.smas@prefeitura.rio,Solange Pinheiro,"Brás de Pina, Cordovil (Cidade Alta) e Penha Circular",-22.852,-43.255,bairro/CAS aproximado; revisar por geocodificação oficial,Listagem enviada pelo usuário
22,4ª CAS,CRAS,CRAS RAMOS,BONSUCESSO,"Estrada do Itararé, 222 – Ramos (Complexo do Alemão)","Estrada do Itararé, 222 – Ramos (Complexo do Alemão), Rio de Janeiro, RJ, Brasil",Ramos,,crasramos.smas@prefeitura.rio,Christiane,"Complexo do Alemão, Bonsucesso (parte), Manguinhos e Ramos (parte)",-22.852,-43.255,bairro/CAS aproximado; revisar por geocodificação oficial,Listagem enviada pelo usuário
23,5ª CAS,CRAS,CRAS YARA AMARAL,MADUREIRA,"Estrada do Camboatá, 23000 / lj. 115 – Guadalupe","Estrada do Camboatá, 23000 / lj. 115 – Guadalupe, Rio de Janeiro, RJ, Brasil",Guadalupe,,crasiaraamaral.smas@prefeitura.rio,Cláudia Castro,"Guadalupe, Marechal Hermes, Parque Anchieta e Ricardo de Albuquerque",-22.8386,-43.3756,bairro/CAS aproximado; revisar por geocodificação oficial,Listagem enviada pelo usuário
24,5ª CAS,CRAS,CRAS JOSÉ CARLOS CAMPOS,MADUREIRA,"Rua Guarama, s/nº – Rocha Miranda – Cep.: 21510-230 (ponto de referência: rua da 40ª DP)","Rua Guarama, s/nº – Rocha Miranda – Cep.: 21510-230 (ponto de referência: rua da 40ª DP), Rio de Janeiro, RJ, Brasil",Cep.: 21510-230,,crasjcc.smas@prefeitura.rio,Angélica Silva do Rosário,"Bento Ribeiro, Coelho Neto, Honório Gurgel, Oswaldo Cruz, Rocha Miranda e Turiaçu",-22.87,-43.3391,bairro/CAS aproximado; revisar por geocodificação oficial,Listagem enviada pelo usuário
25,5ª CAS,CRAS,CRAS ZÓZIMO BARROSO DO AMARAL,MADUREIRA,"Av. Ministro Edgard Romero, 400 – Madureira (ponto de referência: Instituto de Educação Carmela Dutra)","Av. Ministro Edgard Romero, 400 – Madureira (ponto de referência: Instituto de Educação Carmela Dutra), Rio de Janeiro, RJ, Brasil",Madureira,,craszozimobarroso.smas@prefeitura.rio,Andréia da Costa Pinheiro,"Campinho, Cascadura, Cavalcanti, Engenheiro Leal, Madureira, Quintino Bocaiúva e Vaz Lobo",-22.87,-43.3391,bairro/CAS aproximado; revisar por geocodificação oficial,Listagem enviada pelo usuário
26,6ª CAS,CRAS,CRAS RUBENS CORRÊA,IRAJÁ,"Rua Capitão Aliatar Martins, 211 – Irajá (ponto de referência: Pça. Dalva de Oliveira)","Rua Capitão Aliatar Martins, 211 – Irajá (ponto de referência: Pça. Dalva de Oliveira), Rio de Janeiro, RJ, Brasil",Irajá,,crasrubenscorrea.smas@prefeitura.rio,Cristiane da Silva Disconzi,"Colégio, Irajá, Vicente de Carvalho, Vila da Penha, Vila Kosmos e Vista Alegre",-22.8314,-43.3231,bairro/CAS aproximado; revisar por geocodificação oficial,Listagem enviada pelo usuário
27,6ª CAS,CRAS,CRAS FRANCISCO SALES DE MESQUITA,IRAJÁ,"Rua Mercúrio, 430 – Pavuna (ponto de referência: próximo ao Colégio Mercúrio)","Rua Mercúrio, 430 – Pavuna (ponto de referência: próximo ao Colégio Mercúrio), Rio de Janeiro, RJ, Brasil",Pavuna,,crasfranciscosales.smas@prefeitura.rio,Álida Aparecida Pereira de Lucena,"Anchieta (parte), Costa Barros e Pavuna",-22.8069,-43.3607,bairro/CAS aproximado; revisar por geocodificação oficial,Listagem enviada pelo usuário
28,6ª CAS,CRAS,CRAS ACARI,IRAJÁ,"Rua Guaiúba, 150 – Acari (ponto de referência: próximo ao Hospital Ronaldo Gazolla)","Rua Guaiúba, 150 – Acari (ponto de referência: próximo ao Hospital Ronaldo Gazolla), Rio de Janeiro, RJ, Brasil",Acari,,crasacari.smas@prefeitura.rio,Sueli Santos de Oliveira,"Acari, Barros Filho e Parque Colúmbia",-22.8239,-43.3407,bairro/CAS aproximado; revisar por geocodificação oficial,Listagem enviada pelo usuário
29,7ª CAS,CRAS,CRAS MARCIO BROTTO,JACAREPAGUÁ,"Rua General José Eulálio, 142 – Anil","Rua General José Eulálio, 142 – Anil, Rio de Janeiro, RJ, Brasil",Anil,,crasmarciobrotto.smas@prefeitura.rio,Célia Valéria Sodré de Souza,"Anil, Barra da Tijuca (parte – da Barrinha às proximidades do Shopping Citta America). Gardênia Azu, Itanhagá e Joá",-22.9552,-43.3397,bairro/CAS aproximado; revisar por geocodificação oficial,Listagem enviada pelo usuário
30,7ª CAS,CRAS,CRAS ELIS REGINA,JACAREPAGUÁ,"Av. Edgard Werneck, 1.565 – Cidade de Deus (ponto de referência: CIEP João Batista)","Av. Edgard Werneck, 1.565 – Cidade de Deus (ponto de referência: CIEP João Batista), Rio de Janeiro, RJ, Brasil",Cidade de Deus,,craselisregina.smas@prefeitura.rio,Fabíola,Barra da Tijuca (parte – Av. Ayrton Senna até o Terminal Alvorada) e Cidade de Deus,-22.9483,-43.3627,bairro/CAS aproximado; revisar por geocodificação oficial,Listagem enviada pelo usuário
31,7ª CAS,CRAS,CRAS GONZAGUINHA,JACAREPAGUÁ,"Praça Barão da Taquara, 9 – Praça Seca (ponto de referência: 16ª Região Administrativa, entre o Country Club da Pça. Seca e a Caixa Econômica Federal)","Praça Barão da Taquara, 9 – Praça Seca (ponto de referência: 16ª Região Administrativa, entre o Country Club da Pça. Seca e a Caixa Econômica Federal), Rio de Janeiro, RJ, Brasil",Praça Seca,,crasgonzaguinha.smas@prefeitura.rio,Glaucia da Silva Anastácio da Fonseca,"Freguesia, Pechincha, Praça Seca, Tanque e Vila Valqueire",-22.8967,-43.3528,bairro/CAS aproximado; revisar por geocodificação oficial,Listagem enviada pelo usuário
32,7ª CAS,CRAS,CRAS ZUMBI DOS PALMARES,JACAREPAGUÁ,"Estrada dos Bandeirantes, 11.227 – Vargem Pequena (ponto de referência: Comunidade César Maia)","Estrada dos Bandeirantes, 11.227 – Vargem Pequena (ponto de referência: Comunidade César Maia), Rio de Janeiro, RJ, Brasil",Vargem Pequena,,craszumbidospalmares.smas@prefeitura.rio,Vanessa de Medeiros Gomes,"Camorim, Curicica, Grumari, Recreio, Rio Centro, Vargem Grande e Vargem Pequena",-22.9916,-43.459,bairro/CAS aproximado; revisar por geocodificação oficial,Listagem enviada pelo usuário
33,7ª CAS,CRAS,CRAS MACHADO DE ASSIS,JACAREPAGUÁ,"Rua Núcleo Rodrigues Caldas, 804 – Colônia (ponto de referência: Colônia Juliano Moreira)","Rua Núcleo Rodrigues Caldas, 804 – Colônia (ponto de referência: Colônia Juliano Moreira), Rio de Janeiro, RJ, Brasil",Colônia,,crasmachadodeassis.smas@prefeitura.rio,Sheila Cristina De Moura Valle,"Colônia, Curicica (parte), Jordão e Taquara",-22.9401,-43.4023,bairro/CAS aproximado; revisar por geocodificação oficial,Listagem enviada pelo usuário
34,8ª CAS,CRAS,CRAS DEPUTADA HELONEIDA STUDART,BANGU,"Rua Rangel Pestana, 510 – Bangu (ponto de referência: próximo à Rua Rio da Prata)","Rua Rangel Pestana, 510 – Bangu (ponto de referência: próximo à Rua Rio da Prata), Rio de Janeiro, RJ, Brasil",Bangu,,crasdheloneida.smas@prefeitura.rio,IV: Maria Angélica Lacerda da Silva,"Bangu, Senador Camará, Santíssimo (parte)",-22.8808,-43.4693,bairro/CAS aproximado; revisar por geocodificação oficial,Listagem enviada pelo usuário
35,8ª CAS,CRAS,CRAS MARIA THEREZA FREIRE MOURA,BANGU,"Rua Silva Cardoso, 967 – Bangu (ponto de referência: próximo ao Hospital São Matheus)","Rua Silva Cardoso, 967 – Bangu (ponto de referência: próximo ao Hospital São Matheus), Rio de Janeiro, RJ, Brasil",Bangu,,crasmariaterezafm.smas@prefeitura.rio,IV: Valéria Cristina de Azevedo Lima,"Bangu (parte), Padre Miguel e Realengo",-22.8808,-43.4693,bairro/CAS aproximado; revisar por geocodificação oficial,Listagem enviada pelo usuário
36,8ª CAS,CRAS,CRAS VILA MORETTI,BANGU,"Av. Ministro Ary Franco, 278 – Bangu","Av. Ministro Ary Franco, 278 – Bangu, Rio de Janeiro, RJ, Brasil",Bangu,,crasvilamoretti.smas@prefeitura.rio,,"Bangu (parte), Padre Miguel (parte) e Senador Camará (parte)",-22.8808,-43.4693,bairro/CAS aproximado; revisar por geocodificação oficial,Listagem enviada pelo usuário
37,8ª CAS,CRAS,CRAS OSWALDO OSWALDO ANTONIO FERREIRA,BANGU,"Rua Dona Olímpia, 220 – Realengo (ponto de referência: próximo ao GET Carlos Maui)","Rua Dona Olímpia, 220 – Realengo (ponto de referência: próximo ao GET Carlos Maui), Rio de Janeiro, RJ, Brasil",Realengo,,crasoswaldoantoniof.smas@prefeitura.rio,André Luiz,"Deodoro, Magalhães Bastos, Realengo (parte), Sulacap e Vila Militar",-22.8764,-43.4304,bairro/CAS aproximado; revisar por geocodificação oficial,Listagem enviada pelo usuário
38,8ª CAS,CRAS,CRAS OLÍMPIA ESTEVES,BANGU,"Rua Santa Cecília, 984 – Bangu (ponto de referência: próximo à Paróquia São Sebastião e Santa Cecília)","Rua Santa Cecília, 984 – Bangu (ponto de referência: próximo à Paróquia São Sebastião e Santa Cecília), Rio de Janeiro, RJ, Brasil",Bangu,,crasolimpiaesteves.smas@prefeitura.rio,Simone Teixeira,"Bangu, Batan, Realengo e Vila Kennedy",-22.8808,-43.4693,bairro/CAS aproximado; revisar por geocodificação oficial,Listagem enviada pelo usuário
39,9ª CAS,CRAS,CRAS ALUNO MARCELO CARDOSO TOMÉ,CAMPO GRANDE,"Rua Breno Pessoa, 15 – Campo Grande","Rua Breno Pessoa, 15 – Campo Grande, Rio de Janeiro, RJ, Brasil",Campo Grande,,crasalunomarcelo.smas@prefeitura.rio,Érica Cristina,"Campo Grande, Santíssimo (parte) e Senador Vasconcelos (parte)",-22.9035,-43.5585,bairro/CAS aproximado; revisar por geocodificação oficial,Listagem enviada pelo usuário
40,9ª CAS,CRAS,CRAS LUISA MAHIM,CAMPO GRANDE,"Rua Campo Grande, 3058 – Inhoaíba – (Ponto de referência: próximo ao GET Medalhista Olímpico Diego Hypólito)","Rua Campo Grande, 3058 – Inhoaíba – (Ponto de referência: próximo ao GET Medalhista Olímpico Diego Hypólito), Rio de Janeiro, RJ, Brasil",,,crasluizamahim.smas@prefeitura.rio,Cilene Boarro,Cosmos e Inhoaíba,-22.9035,-43.5585,bairro/CAS aproximado; revisar por geocodificação oficial,Listagem enviada pelo usuário
41,9ª CAS,CRAS,CRAS CECILIA MEIRELES,CAMPO GRANDE,"Rua Viúva Dantas, 695 – Campo Grande","Rua Viúva Dantas, 695 – Campo Grande, Rio de Janeiro, RJ, Brasil",Campo Grande,,crasceciliameireles.smas@prefeitura.rio,Renata Rocha,"Campo Grande, Santíssimo e Senador Vasconcelos (parte)",-22.9035,-43.5585,bairro/CAS aproximado; revisar por geocodificação oficial,Listagem enviada pelo usuário
42,10ª CAS,CRAS,CRAS BETTY FRIEDMAN,SANTA CRUZ,"Rua Prainha, 57 – Sepetiba (ponto de referência: próximo ao GET Professor Carmo Reis)","Rua Prainha, 57 – Sepetiba (ponto de referência: próximo ao GET Professor Carmo Reis), Rio de Janeiro, RJ, Brasil",Sepetiba,,crasbettyfriedan.smas@prefeitura.rio,Denise Assunção,"Alagado, Balneário Globo, Beco da Guarda, Beco do Constâncio, Mata Sete, Nova Sepetiba, Piai, Ponta do Ipiranga, Praia da Brisa, Praia de Sepetiba, Praia do Cardo, Praia do Recôncavo, Tijolinho, Vila Fernanda e Sepetiba",-22.9679,-43.7067,bairro/CAS aproximado; revisar por geocodificação oficial,Listagem enviada pelo usuário
43,10ª CAS,CRAS,CRAS PROFESSORA HELENICE NUNES JACINTHO,SANTA CRUZ,"Travessa JK, 5 – Paciência (ponto de referência: Estação BRT 31 de Outubro)","Travessa JK, 5 – Paciência (ponto de referência: Estação BRT 31 de Outubro), Rio de Janeiro, RJ, Brasil",Paciência,,s: crashelenicenunesj.smas@prefeitura.rio e cjacintocrashelenicenunesj.smas@prefeitura.rio,Andréa Rodrigues,Paciência,-22.9001,-43.6358,bairro/CAS aproximado; revisar por geocodificação oficial,Listagem enviada pelo usuário
44,10ª CAS,CRAS,CRAS MARIA CLARA MACHADO,SANTA CRUZ,"Rua Gabriel Bernardes, s/nº – Santa Cruz","Rua Gabriel Bernardes, s/nº – Santa Cruz, Rio de Janeiro, RJ, Brasil",Santa Cruz,,crasmariaclaramachado.smas@prefeitura.rio,Elaine Militão,Santa Cruz,-22.9185,-43.6846,bairro/CAS aproximado; revisar por geocodificação oficial,Listagem enviada pelo usuário
45,10ª CAS,CRAS,CRAS IACYRA FRAZÃO SOUSA,SANTA CRUZ,"Rua Eremias Delizoicoiv, s/nº – Urucânia (Paciência)","Rua Eremias Delizoicoiv, s/nº – Urucânia (Paciência), Rio de Janeiro, RJ, Brasil",Urucânia,,crasiacyrafrazao.smas@prefeitura.rio,Cintia Carla Rosa Serafim,"Coqueiral, Mangaratiba e Urucânia",-22.9001,-43.6358,bairro/CAS aproximado; revisar por geocodificação oficial,Listagem enviada pelo usuário
46,10ª CAS,CRAS,CRAS MARIA VIEIRA BAZANI,SANTA CRUZ,"Estrada do Mato Alto, 5620 – Guaratiba (Fazenda Modelo, próximo à Estação BRT Mato Alto)","Estrada do Mato Alto, 5620 – Guaratiba (Fazenda Modelo, próximo à Estação BRT Mato Alto), Rio de Janeiro, RJ, Brasil",Guaratiba,,crasmariavieirabazani.smas@prefeitura.rio,Márcia Cristina,"Barra de Guaratiba, Guaratiba, Ilha de Guaratiba, Jardim Maravilha e Pedra de Guaratiba",-22.9945,-43.5871,bairro/CAS aproximado; revisar por geocodificação oficial,Listagem enviada pelo usuário
47,10ª CAS,CRAS,CRAS JORGE GONÇALVES,SANTA CRUZ,"Rua Primeira, 61 – Santa Cruz (Largo do Bodegão)","Rua Primeira, 61 – Santa Cruz (Largo do Bodegão), Rio de Janeiro, RJ, Brasil",Santa Cruz,,crasjorgegoncalves.smas@prefeitura.rio,Lilian Teixeira,"Antares, Areia Branca, Cesarão I, II e III, Cruz das Almas, Jaqueira, Largo do Arão, Matadouro, Novo Camarão, Nova Palestina, Pedrinhas, São Benedito, Santa Cruz (centro), Santa Veridiana, Vitor Dumas e Rolas I e II",-22.9185,-43.6846,bairro/CAS aproximado; revisar por geocodificação oficial,Listagem enviada pelo usuário
1,1ª CAS,CREAS,CREAS SIMONE DE BEAUVOIR,CENTRO,"Rua República do Líbano, 54 – Centro (ponto de referência: próximo ao Campo de Santana)","Rua República do Líbano, 54 – Centro (ponto de referência: próximo ao Campo de Santana), Rio de Janeiro, RJ, Brasil",Centro,,creassimonedebeauvoir@prefeitura.rio,Roseane Garcia,"Benfica, Caju, Catumbi, Centro, Cidade Nova, Estácio, Gamboa, Lapa, Mangueira, Paquetá, Rio Comprido, Santa Teresa, Santo Cristo, São Cristóvão, Saúde, Vasco da Gama",-22.9068,-43.1729,bairro/CAS aproximado; revisar por geocodificação oficial,Listagem enviada pelo usuário
2,2ª CAS,CREAS,CREAS ARLINDO RODRIGUES,"VILA ISABEL, GRANDE TIJUCA E ZONA SUL","Rua Desembargador Isidro, 48 / fundos – Tijuca","Rua Desembargador Isidro, 48 / fundos – Tijuca, Rio de Janeiro, RJ, Brasil",Tijuca,,creasarlindorodrigues@prefeitura.rio,Gabriela Furtado,"Alto da Boa Vista, Andaraí, Grajaú, Maracanã, Praça da Bandeira, Tijuca e Vila Isabel",-22.9268,-43.2373,bairro/CAS aproximado; revisar por geocodificação oficial,Listagem enviada pelo usuário
3,2ª CAS,CREAS,CREAS MARIA LINA DE CASTRO LIMA,"VILA ISABEL, GRANDE TIJUCA E ZONA SUL","Rua São Salvador, 56 / 2º andar – Laranjeiras","Rua São Salvador, 56 / 2º andar – Laranjeiras, Rio de Janeiro, RJ, Brasil",Laranjeiras,,creasmarialina@prefeitura.rio,Leandro Teixeira,"s: Botafogo, Catete, Copacabana, Cosme Velho, Flamengo, Gávea, Glória, Horto, Humaitá, Ipanema, Jardim Botânico, Lagoa, Laranjeiras, Leblon, Leme, Rocinha, São Conrado, Urca e Vidigal",-22.9343,-43.1848,bairro/CAS aproximado; revisar por geocodificação oficial,Listagem enviada pelo usuário
4,3ª CAS,CREAS,CREAS JANETE CLAIR,ENGENHO NOVO,"Rua Piranga, 50 – Méier (ponto de referência: Caixa Econômica da Rua Dias da Cruz)","Rua Piranga, 50 – Méier (ponto de referência: Caixa Econômica da Rua Dias da Cruz), Rio de Janeiro, RJ, Brasil",Méier,,creasjaneteclair@prefeitura.rio,Denise Leal,"Abolição, Água Santa, Cachambi, Del Castilho, Encantado, Engenho da Rainha, Engenho de Dentro, Engenho Novo, Higienópolis, Inhaúma (parte), Jacaré, Jacarezinho, Lins de Vasconcelos, Maria da Graça, Méier, Piedade, Pilares, Riachuelo, Rocha, Sampaio, São Francisco Xavier, Todos os Santos e Tomás Coelho (parte)",-22.9029,-43.2818,bairro/CAS aproximado; revisar por geocodificação oficial,Listagem enviada pelo usuário
5,4ª CAS,CREAS,CREAS STELLA MARIS,BONSUCESSO,"Estrada dos Maracajás, 973 – Galeão / Ilha do Governador (ponto de referência: localizado entre a Creche Stella Maris e a CRAF Tom Jobim)","Estrada dos Maracajás, 973 – Galeão / Ilha do Governador (ponto de referência: localizado entre a Creche Stella Maris e a CRAF Tom Jobim), Rio de Janeiro, RJ, Brasil",Galeão,,creasstellamaris@prefeitura.rio,Fabiana Figueiredo,"Ilha do Governador, Cidade Universitária e Maré",-22.8091,-43.2435,bairro/CAS aproximado; revisar por geocodificação oficial,Listagem enviada pelo usuário
6,4ª CAS,CREAS,CREAS NELSON CARNEIRO,BONSUCESSO,"Rua Professor Lacé, 57 – Ramos (ponto de referência: próximo à estação Supervia Ramos)","Rua Professor Lacé, 57 – Ramos (ponto de referência: próximo à estação Supervia Ramos), Rio de Janeiro, RJ, Brasil",Ramos,,creasnelsoncarneiro@prefeitura.rio,Danielle Monteiro,"Bonsucesso, Brás de Pina, Complexo do Alemão, Cordovil, Jardim América, Manguinhos, Olaria, Parada de Lucas, Pavuna (parte), Penha, Penha Circular, Ramos, Vigário Geral e Vila da Penha (parte)",-22.852,-43.255,bairro/CAS aproximado; revisar por geocodificação oficial,Listagem enviada pelo usuário
7,5ª CAS,CREAS,CREAS PROFESSORA MÁRCIA LOPES,MADUREIRA,"Rua Carvalho de Souza, 274 – Madureira (ponto de referência: ao lado das Casas Bahia)","Rua Carvalho de Souza, 274 – Madureira (ponto de referência: ao lado das Casas Bahia), Rio de Janeiro, RJ, Brasil",Madureira,,creasprofmarcialopes@prefeitura.rio,Flávia Cabral,"Bento Ribeiro, Campinho, Cavalcante, Cascadura, Coelho Neto, Engenheiro Leal, Guadalupe, Honório Gurgel, Madureira, Marechal Hermes, Mariópolis, Oswaldo Cruz, Parque Anchieta, Quintino Bocaiúva, Ricardo de Albuquerque, Rocha Miranda, Tiriaçu e Vaz Lobo",-22.87,-43.3391,bairro/CAS aproximado; revisar por geocodificação oficial,Listagem enviada pelo usuário
8,6ª CAS,CREAS,CREAS JOÃO HÉLIO FERNANDES VIEITES,IRAJÁ,"Rua Ouseley, 421 – Coelho Neto (ponto de referência: ao lado do PAM Coelho Neto)","Rua Ouseley, 421 – Coelho Neto (ponto de referência: ao lado do PAM Coelho Neto), Rio de Janeiro, RJ, Brasil",Coelho Neto,,creasjoaohelio@prefeitura.rio,Mara Fernandes,"Acari, Anchieta, Barros Filho, Costa Barros, Parque Colúmbia e Pavuna",-22.8317,-43.35,bairro/CAS aproximado; revisar por geocodificação oficial,Listagem enviada pelo usuário
9,6ª CAS,CREAS,CREAS WANDA ENGEL ADUAN,IRAJÁ,"Estrada Pedro Borges de Freitas, 144 – Irajá","Estrada Pedro Borges de Freitas, 144 – Irajá, Rio de Janeiro, RJ, Brasil",Irajá,,creaswandaengel@prefeitura.rio,Annatanes,"Colégio, Irajá, Vincente de Carvalho, Vila da Penha, Vila Kosmos e Vista Alegre",-22.8314,-43.3231,bairro/CAS aproximado; revisar por geocodificação oficial,Listagem enviada pelo usuário
10,7ª CAS,CREAS,CREAS DANIELA PEREZ,JACAREPAGUÁ,"Rua Nacional, 275 – Taquara (ponto de referência: em frente ao Colégio Carlos Lacerda)","Rua Nacional, 275 – Taquara (ponto de referência: em frente ao Colégio Carlos Lacerda), Rio de Janeiro, RJ, Brasil",Taquara,,creasdanielaperez@prefeitura.rio,Cirenice Nascimento,"Anil, Barra da Tijuca, Camorim, Cidade de Deus, Colônia, Curicica, Freguesia (Jacarepaguá), Gardênia Azul, Grumari, Itanhagá, Jacarepaguá, Joá, Pechincha, Praça Seca, Recreio dos Bandeirantes, Tanque, Taquara, Vargem Grande, Vargem Pequena, Vila Valqueire",-22.9217,-43.3844,bairro/CAS aproximado; revisar por geocodificação oficial,Listagem enviada pelo usuário
11,8ª CAS,CREAS,CREAS PROFESSORA ALDAÍZA SPOSATI,BANGU,"Rua Limites, 1,349 – Realengo","Rua Limites, 1,349 – Realengo, Rio de Janeiro, RJ, Brasil",Realengo,,creasprofaldaizasposati@prefeitura.rio,Roberta Marinheiro,"Bangu, Campo dos Afonso, Deodoro, Gericinó, Jabour, Jardim Sulacap, Magalhães Bastos, Padre Miguel, Realengo, Santíssimo (até ETERJ), Senador Camará e Vila Militar",-22.8764,-43.4304,bairro/CAS aproximado; revisar por geocodificação oficial,Listagem enviada pelo usuário
12,9ª CAS,CREAS,CREAS ZILDA ARNS NEUMANN,CAMPO GRANDE,"Rua Cândido Magalhães, 88 – Campo Grande (ponto de referência: próximo ao Colégio Bahiense)","Rua Cândido Magalhães, 88 – Campo Grande (ponto de referência: próximo ao Colégio Bahiense), Rio de Janeiro, RJ, Brasil",Campo Grande,,creaszildaarns@prefeitura.rio,Marcelo Jaccoud,"Campo Grande, Cosmos, Inhoaíba, Santíssimo e Senador Vasconcelos",-22.9035,-43.5585,bairro/CAS aproximado; revisar por geocodificação oficial,Listagem enviada pelo usuário
13,10ª CAS,CREAS,CREAS PADRE GUILHERME DECAMINADA,SANTA CRUZ,"Rua Gabriel Bernardes, s/nº – Santa Cruz","Rua Gabriel Bernardes, s/nº – Santa Cruz, Rio de Janeiro, RJ, Brasil",Santa Cruz,,creaspadreguilherme@prefeitura.rio,Eliane Pixioline,Santa Cruz e Sepetiba,-22.9185,-43.6846,bairro/CAS aproximado; revisar por geocodificação oficial,Listagem enviada pelo usuário
14,10ª CAS,CREAS,CREAS JOÃO MANOEL MONTEIRO,SANTA CRUZ,"Estrada da Matriz, s/nº – Pedra de Guaratiba (ponto de referência: Administração Regional da Pedra de Guaratiba)","Estrada da Matriz, s/nº – Pedra de Guaratiba (ponto de referência: Administração Regional da Pedra de Guaratiba), Rio de Janeiro, RJ, Brasil",Pedra de Guaratiba,,creasjoaomanoel@prefeitura.rio,Patrícia Leiras,"Barra de Guaratiba, Guaratiba, Ilha de Guaratiba, Paciência, Pedra de Guaratiba",-22.9971,-43.6406,bairro/CAS aproximado; revisar por geocodificação oficial,Listagem enviada pelo usuário
1,1ª CAS,ALBERGUE,ALBERGUE ALFONSO LAVALLE (idosos misto),LAPA,"Rua Mem de Sá, no 85","Rua Mem de Sá, nº 85, Lapa, Rio de Janeiro, RJ, Brasil",Lapa,,,,,"-22,9136","-43,1809",bairro/CAS aproximado; revisar por geocodificação oficial,Listagem enviada pelo usuário
2,1ª CAS,ALBERGUE,ALBERGUE HERBERT DE SOUZA (masculino adulto),CENTRO,"Rua do Senado, nº 274","Rua do Senado, nº 274, Centro, Rio de Janeiro, RJ, Brasil",Centro,,,,,"-22,9099","-43,1902",bairro/CAS aproximado; revisar por geocodificação oficial,Listagem enviada pelo usuário
3,1ª CAS,ALBERGUE,ALBERGUE NISE DA SILVEIRA (masculino adulto),CENTRO,"Rua General Cadwell, nº 297","Rua General Caldwell, nº 297, Centro, Rio de Janeiro, RJ, Brasil",Centro,,,,,"-22,9103","-43,1945",bairro/CAS aproximado; revisar por geocodificação oficial,Listagem enviada pelo usuário
4,1ª CAS,ALBERGUE,ALBERGUE MARTIN LUTHER KING JR (masculino adulto),CENTRO,"Rua Sacadura Cabral, nº 43","Rua Sacadura Cabral, nº 43, Centro, Rio de Janeiro, RJ, Brasil",Centro,,,,,"-22,8978","-43,1813",bairro/CAS aproximado; revisar por geocodificação oficial,Listagem enviada pelo usuário
5,1ª CAS,ALBERGUE,ALBERGUE DAVID MIRANDA (LGBTQIA+) - adultos,SAÚDE,"Rua Tenente Possolo, nº 49","Rua Tenente Possolo, nº 49, Saúde, Rio de Janeiro, RJ, Brasil",Saúde,,,,,"-22,8983","-43,1847",bairro/CAS aproximado; revisar por geocodificação oficial,Listagem enviada pelo usuário
6,2ª CAS,ALBERGUE,ALBERGUE DERCY GONÇALVES (Homens Adultos),TIJUCA,"Rua Haddock Lobo, nº 326","Rua Haddock Lobo, nº 326, Tijuca, Rio de Janeiro, RJ, Brasil",Tijuca,,,,,"-22,9237","-43,2179",bairro/CAS aproximado; revisar por geocodificação oficial,Listagem enviada pelo usuário
7,8ª CAS,ALBERGUE,ALBERGUE REALENGO (adultos masculino),REALENGO,"Av. Brasil, nº28.650","Av. Brasil, nº 28.650, Realengo, Rio de Janeiro, RJ, Brasil",Realengo,,,,,"-22,8696","-43,4378",bairro/CAS aproximado; revisar por geocodificação oficial,Listagem enviada pelo usuário
1,1ª CAS,CADRio,CENTRAL CADRIO CENTRO ,CENTRO,"Rua da Carioca, nº 58","Rua da Carioca, nº 58, Centro, Rio de Janeiro, RJ, Brasil",Centro,,,,,"-22,9066","-43,1795",bairro/CAS aproximado; revisar por geocodificação oficial,Listagem enviada pelo usuário
2,2ª CAS,CADRio,CENTRAL CADRIO RINALDO DE LAMARE,SÃO CONRADO,"Av. Niemeyer, nº 776 - 8º e 9º andar","Av. Niemeyer, nº 776 - 8º e 9º andar, São Conrado, Rio de Janeiro, RJ, Brasil",São Conrado,,,,,"-22,9990","-43,2670",bairro/CAS aproximado; revisar por geocodificação oficial,Listagem enviada pelo usuário
3,3ª CAS,CADRio,CENTRAL CADRIO - GRANDE MÉIER,CACHAMBI,"Av. Dom Hélder Câmara, nº 5474 (cobertura do Norte Shopping - salas 3004 e 3005)","Av. Dom Hélder Câmara, nº 5474 (cobertura do Norte Shopping - salas 3004 e 3005), Cachambi, Rio de Janeiro, RJ, Brasil",Cachambi,,,,,"-22,8879","-43,2828",bairro/CAS aproximado; revisar por geocodificação oficial,Listagem enviada pelo usuário
4,4ª CAS,CADRio,CENTRAL CADRIO PENHA,PENHA," Rua Leopoldina Rego, nº 754","Rua Leopoldina Rego, nº 754, Penha, Rio de Janeiro, RJ, Brasil",Penha,,,,,"-22,8429","-43,2909",bairro/CAS aproximado; revisar por geocodificação oficial,Listagem enviada pelo usuário
5,5ª CAS,CADRio,CENTRAL CADRIO - MADUREIRA,MADUREIRA," Av. Ministro Edgard Romero, nº 400 - Térreo","Av. Ministro Edgard Romero, nº 400 - Térreo, Madureira, Rio de Janeiro, RJ, Brasil",Madureira,,,,,"-22,8700","-43,3391",bairro/CAS aproximado; revisar por geocodificação oficial,Listagem enviada pelo usuário
6,6ª CAS,CADRio,CENTRAL CADRIO IRAJÁ ,VILA DA PENHA,"Av. Meriti, nº 203 (Largo do Bicão)","Av. Meriti, nº 203 (Largo do Bicão), Vila Da Penha, Rio de Janeiro, RJ, Brasil",Vila da Penha,,,,,"-22,8428","-43,3150",bairro/CAS aproximado; revisar por geocodificação oficial,Listagem enviada pelo usuário
7,7ª CAS,CADRio,CENTRAL CADRIO BARRA/JACAREPAGUÁ,BARRA DA TIJUCA,"Av. Ayrton Senna, nº 2541 (Aerotown)","Av. Ayrton Senna, nº 2541 (Aerotown), Barra Da Tijuca, Rio de Janeiro, RJ, Brasil",Barra da Tijuca,,,,,"-22,9876","-43,3662",bairro/CAS aproximado; revisar por geocodificação oficial,Listagem enviada pelo usuário
8,8ª CAS,CADRio,CENTRAL CADRIO - BANGU,BANGU," Rua Silva Cardoso, nº 349 - Fundos","Rua Silva Cardoso, nº 349 - Fundos, Bangu, Rio de Janeiro, RJ, Brasil",Bangu,,,,,"-22,8785","-43,4679",bairro/CAS aproximado; revisar por geocodificação oficial,Listagem enviada pelo usuário
9,9ª CAS,CADRio,CENTRAL CADRIO CAMPO GRANDE,CAMPO GRANDE,"Rua Viúva Dantas, nº 61","Rua Viúva Dantas, nº 61, Campo Grande, Rio de Janeiro, RJ, Brasil",Campo Grande,,,,,"-22,9047","-43,5574",bairro/CAS aproximado; revisar por geocodificação oficial,Listagem enviada pelo usuário
10,10ª CAS,CADRio,CENTRAL CADRIO - SANTA CRUZ,SANTA CRUZ,"Rua Fernanda, nº 155","Rua Fernanda, nº 155, Santa Cruz, Rio de Janeiro, RJ, Brasil",Santa Cruz,,,,,"-22,9185","-43,6846",bairro/CAS aproximado; revisar por geocodificação oficial,Listagem enviada pelo usuário
1,1ª CAS,CONTUTELAR,CONSELHO TUTELAR 01 - CENTRO ,CENTRO ,"Rua República do Líbano, nº 54","Rua República do Líbano, nº 54, Rio de Janeiro, RJ, Brasil",Centro,,,,,"-22,9087","-43,1806",bairro/CAS aproximado; revisar por geocodificação oficial,Listagem enviada pelo usuário
2,1ª CAS,CONTUTELAR,CONSELHO TUTELAR 02 -  ZONA SUL , ZONA SUL ,"Rua São Salvador, nº 56","Rua São Salvador, nº 56, Rio de Janeiro, RJ, Brasil",Laranjeiras,,,,,"-22,9337","-43,1814",bairro/CAS aproximado; revisar por geocodificação oficial,Listagem enviada pelo usuário
3,2ª CAS,CONTUTELAR,CONSELHO TUTELAR 03 - VILA ISABEL,VILA ISABEL,"Rua Desembargador Isidro, nº 48","Rua Desembargador Isidro, nº 48, Rio de Janeiro, RJ, Brasil",Tijuca,,,,,"-22,9240","-43,2340",bairro/CAS aproximado; revisar por geocodificação oficial,Listagem enviada pelo usuário
4,3ª CAS,CONTUTELAR,CONSELHO TUTELAR 04 - MÉIER,MÉIER,"Rua 24 de Maio, nº 931 - 2º andar","Rua 24 de Maio, nº 931 - 2º andar, Rio de Janeiro, RJ, Brasil",Engenho Novo,,,,,"-22,9031","-43,2678",bairro/CAS aproximado; revisar por geocodificação oficial,Listagem enviada pelo usuário
5,3ª CAS,CONTUTELAR,CONSELHO TUTELAR 14 - INHAÚMA,INHAÚMA,"Estrada Adhemar Bebiano, nº 3151","Estrada Adhemar Bebiano, nº 3151, Rio de Janeiro, RJ, Brasil",Inhaúma,,,,,"-22,8728","-43,2998",bairro/CAS aproximado; revisar por geocodificação oficial,Listagem enviada pelo usuário
6,4ª CAS,CONTUTELAR,CONSELHO TUTELAR 05 - RAMOS,RAMOS,"Rua Professor Lacê, nº 57","Rua Professor Lacê, nº 57, Rio de Janeiro, RJ, Brasil",Ramos,,,,,"-22,8523","-43,2553",bairro/CAS aproximado; revisar por geocodificação oficial,Listagem enviada pelo usuário
7,4ª CAS,CONTUTELAR,CONSELHO TUTELAR 11 - BONSUCESSO,BONSUCESSO,"Rua da Regeneração, nº 654","Rua da Regeneração, nº 654, Rio de Janeiro, RJ, Brasil",Bonsucesso,,,,,"-22,8620","-43,2539",bairro/CAS aproximado; revisar por geocodificação oficial,Listagem enviada pelo usuário
8,4ª CAS,CONTUTELAR,CONSELHO TUTELAR 19  - ILHA DO GOVERNADOR,ILHA DO GOVERNADOR,"Av. Paranapuã, nº 941","Av. Paranapuã, nº 941, Rio de Janeiro, RJ, Brasil",Tauá,,,,,"-22,8035","-43,1878",bairro/CAS aproximado; revisar por geocodificação oficial,Listagem enviada pelo usuário
9,5ª CAS,CONTUTELAR,CONSELHO TUTELAR 06 - MADUREIRA,MADUREIRA,"Av. Ministro Edgard Romero, nº 400 - 2º andar","Av. Ministro Edgard Romero, nº 400 - 2º andar, Rio de Janeiro, RJ, Brasil",Madureira,,,,,"-22,8710","-43,3368",bairro/CAS aproximado; revisar por geocodificação oficial,Listagem enviada pelo usuário
10,5ª CAS,CONTUTELAR,CONSELHO TUTELAR 12 - COELHO NETO,COELHO NETO,"Av. Brasil, s/n (CIEP Antonio Candeia Filho)","Av. Brasil, s/n (CIEP Antonio Candeia Filho), Rio de Janeiro, RJ, Brasil",Coelho Neto,,,,,"-22,8336","-43,3446",bairro/CAS aproximado; revisar por geocodificação oficial,Listagem enviada pelo usuário
11,7ª CAS,CONTUTELAR,CONSELHO TUTELAR 07 - JACAREPAGUÁ,JACAREPAGUÁ,"Estrada Rodrigues Caldas, nº 3400 - sala 204","Estrada Rodrigues Caldas, nº 3400 - sala 204, Rio de Janeiro, RJ, Brasil",Jacarepaguá,,,,,"-22,9440","-43,4005",bairro/CAS aproximado; revisar por geocodificação oficial,Listagem enviada pelo usuário
12,7ª CAS,CONTUTELAR,CONSELHO TUTELAR 16 - BARRA / RECREIO,BARRA / RECREIO,"Rua Rosalina Brand, nº 200","Rua Rosalina Brand, nº 200, Rio de Janeiro, RJ, Brasil",Barra/Recreio,,,,,"-23,0110","-43,4605",bairro/CAS aproximado; revisar por geocodificação oficial,Listagem enviada pelo usuário
13,7ª CAS,CONTUTELAR,CONSELHO TUTELAR 18 - TAQUARA,TAQUARA,"Estrada do Tindiba, nº 2527","Estrada do Tindiba, nº 2527, Rio de Janeiro, RJ, Brasil",Taquara,,,,,"-22,9235","-43,3844",bairro/CAS aproximado; revisar por geocodificação oficial,Listagem enviada pelo usuário
14,8ª CAS,CONTUTELAR,CONSELHO TUTELAR 08 - BANGU,BANGU,"Rua Silva Cardoso, nº 349 - salas 08 e 09","Rua Silva Cardoso, nº 349 - salas 08 e 09, Rio de Janeiro, RJ, Brasil",Bangu,,,,,"-22,8818","-43,4658",bairro/CAS aproximado; revisar por geocodificação oficial,Listagem enviada pelo usuário
15,8ª CAS,CONTUTELAR,CONSELHO TUTELAR 17 - REALENGO,REALENGO,"Estr. do Engenho Novo, s/n (CIEP Thomas Jefferson)","Estr. do Engenho Novo, s/n (CIEP Thomas Jefferson), Rio de Janeiro, RJ, Brasil",Realengo,,,,,"-22,8765","-43,4341",bairro/CAS aproximado; revisar por geocodificação oficial,Listagem enviada pelo usuário
16,9ª CAS,CONTUTELAR,CONSELHO TUTELAR 09 - CAMPO GRANDE,CAMPO GRANDE,"Rua Carlos da Silva Costa, nº 32","Rua Carlos da Silva Costa, nº 32, Rio de Janeiro, RJ, Brasil",Campo Grande,,,,,"-22,9030","-43,5579",bairro/CAS aproximado; revisar por geocodificação oficial,Listagem enviada pelo usuário
17,10ª CAS,CONTUTELAR,CONSELHO TUTELAR 10 - SANTA CRUZ,SANTA CRUZ,"Rua Lopes Moura, nº 58","Rua Lopes Moura, nº 58, Rio de Janeiro, RJ, Brasil",Santa Cruz,,,,,"-22,9191","-43,6841",bairro/CAS aproximado; revisar por geocodificação oficial,Listagem enviada pelo usuário
18,10ª CAS,CONTUTELAR,CONSELHO TUTELAR 15 - GUARATIBA,GUARATIBA,"Rua Pedra Bela, nº 435","Rua Pedra Bela, nº 435, Rio de Janeiro, RJ, Brasil",Guaratiba,,,,,"-22,9949","-43,5844",bairro/CAS aproximado; revisar por geocodificação oficial,Listagem enviada pelo usuário
1,1ª CAS,URS,URS DOM HÉLDER CÂMARA (adolescente masculino) ,CENTRO,"Rua Benedito Hipólito, nº 163 (Praça Onze)","Rua Benedito Hipólito, nº 163 (Praça Onze), Rio de Janeiro, RJ, Brasil",Centro,,,,,"-22,9068","-43,2009",bairro/CAS aproximado; revisar por geocodificação oficial,Listagem enviada pelo usuário
2,1ª CAS,URS,URS IRMÃ DULCE (adulto feminino),RIO COMPRIDO,"Rua Visconde de Jequitinhonha, nº 50","Rua Visconde de Jequitinhonha, nº 50, Rio de Janeiro, RJ, Brasil",Rio Comprido,,,,,"-22,9260","-43,2099",bairro/CAS aproximado; revisar por geocodificação oficial,Listagem enviada pelo usuário
3,2ª CAS,URS,URS ANA CAROLINA (bebês de 0 a 4 anos),LARANJEIRAS,"Rua Pinheiro Machado, nº 39","Rua Pinheiro Machado, nº 39, Rio de Janeiro, RJ, Brasil",Laranjeiras,,,,,"-22,9338","-43,1848",bairro/CAS aproximado; revisar por geocodificação oficial,Listagem enviada pelo usuário
4,2ª CAS,URS,URS RAUL SEIXAS (adolescente masculino de 12 a 17 anos),PRAÇA DA BANDEIRA,"Rua Teixeira Soares, nº 43","Rua Teixeira Soares, nº 43, Rio de Janeiro, RJ, Brasil",Praça da Bandeira,,,,,"-22,9145","-43,2128",bairro/CAS aproximado; revisar por geocodificação oficial,Listagem enviada pelo usuário
5,2ª CAS,URS,URS BIA BEDRAN (crianças de 4 a 9 anos e grupo de irmãos),LARANJEIRAS,"Rua Pinheiro Machado, nº 39 - casa 1","Rua Pinheiro Machado, nº 39 - casa 1, Rio de Janeiro, RJ, Brasil",Laranjeiras,,,,,"-22,9338","-43,1848",bairro/CAS aproximado; revisar por geocodificação oficial,Listagem enviada pelo usuário
6,2ª CAS,URS,URS CATETE (adolescente feminino),CATETE,"Rua do Catete, nº 195","Rua do Catete, nº 195, Rio de Janeiro, RJ, Brasil",Catete,,,,,"-22,9283","-43,1774",bairro/CAS aproximado; revisar por geocodificação oficial,Listagem enviada pelo usuário
7,2ª CAS,URS,URS LUCINHA ARAUJO (crianças de 06 a 12 anos),TIJUCA,"Rua Cotingo, nº 76 (próximo Hosp.Ordem Terceira)","Rua Cotingo, nº 76 (próximo Hosp.Ordem Terceira), Rio de Janeiro, RJ, Brasil",Tijuca,,,,,"-22,9223","-43,2301",bairro/CAS aproximado; revisar por geocodificação oficial,Listagem enviada pelo usuário
8,3ª CAS,URS,URS ZIRALDO (crianças de 04 a 12 anos misto),MÉIER,"Rua Isolina, nº 308","Rua Isolina, nº 308, Rio de Janeiro, RJ, Brasil",Méier,,,,,"-22,9010","-43,2833",bairro/CAS aproximado; revisar por geocodificação oficial,Listagem enviada pelo usuário
9,3ª CAS,URS,URS FRIDA KAHLO (adolescentes gestantes e puérperas),ENGENHO NOVO,"Rua Senador Jaguaribe, nº 40 (em frente ao Lar Anália Franco)","Rua Senador Jaguaribe, nº 40 (em frente ao Lar Anália Franco), Rio de Janeiro, RJ, Brasil",Engenho Novo,,,,,"-22,9072","-43,2685",bairro/CAS aproximado; revisar por geocodificação oficial,Listagem enviada pelo usuário
10,3ª CAS,URS,URS ANGELICA GOULART (adolescente masculino),CACHAMBI,"Rua Honório, 1.996","Rua Honório, 1.996, Rio de Janeiro, RJ, Brasil",Cachambi,,,,,"-22,8882","-43,2773",bairro/CAS aproximado; revisar por geocodificação oficial,Listagem enviada pelo usuário
11,4ª CAS,URS,URS ILHA DO GOVERNADOR (adultos misto),ILHA DO GOVERNADOR,"Estrada dos Maracajás, nº 973","Estrada dos Maracajás, nº 973, Rio de Janeiro, RJ, Brasil",Galeão,,,,,"-22,8084","-43,2405",bairro/CAS aproximado; revisar por geocodificação oficial,Listagem enviada pelo usuário
12,4ª CAS,URS,URS CASA VIVA – PENHA (adolescente feminino),OLARIA,"Rua Bariri, nº 258","Rua Bariri, nº 258, Rio de Janeiro, RJ, Brasil",Olaria,,,,,"-22,8460","-43,2671",bairro/CAS aproximado; revisar por geocodificação oficial,Listagem enviada pelo usuário
13,7ª CAS,URS,URS SOCIAL CELY CAMPELLO (adolescente masculino),ANIL,"Rua Almirante Felinto Perry, nº 164","Rua Almirante Felinto Perry, nº 164, Rio de Janeiro, RJ, Brasil",Anil,,,,,"-22,9546","-43,3385",bairro/CAS aproximado; revisar por geocodificação oficial,Listagem enviada pelo usuário
14,7ª CAS,URS,URS SOCIAL MARIA TEREZA VIEIRA (famílias),TAQUARA,"Estrada do Rio Grande, nº 2561","Estrada do Rio Grande, nº 2561, Rio de Janeiro, RJ, Brasil",Taquara,,,,,"-22,9267","-43,4000",bairro/CAS aproximado; revisar por geocodificação oficial,Listagem enviada pelo usuário
15,7ª CAS,URS,URS MARIA VIEIRA BAZANI (idosos misto),RECREIO DOS BANDEIRANTES,"Av. Teotônio Vilela, s/n","Av. Teotônio Vilela, s/n, Rio de Janeiro, RJ, Brasil",Recreio dos Bandeirantes,,,,,"-23,0190","-43,4780",bairro/CAS aproximado; revisar por geocodificação oficial,Listagem enviada pelo usuário
16,7ª CAS,URS,URS HAROLDO COSTA (idosos e adultos),TAQUARA,"Estrada do Engenho Velho, nº 1075 (próximo a Praça Valdir Vieira)","Estrada do Engenho Velho, nº 1075 (próximo a Praça Valdir Vieira), Rio de Janeiro, RJ, Brasil",Taquara,,,,,"-22,9157","-43,3890",bairro/CAS aproximado; revisar por geocodificação oficial,Listagem enviada pelo usuário
17,8ª CAS,URS,URS CASA VIVA – BANGU (adolescente masculino),BANGU,"Av. Cônego de Vasconcelos, nº 856","Av. Cônego de Vasconcelos, nº 856, Rio de Janeiro, RJ, Brasil",Bangu,,,,,"-22,8826","-43,4665",bairro/CAS aproximado; revisar por geocodificação oficial,Listagem enviada pelo usuário
18,8ª CAS,URS,URS DINA SFAT (idosos misto),BANGU,"Rua Três Marias, s/n (Catiri)","Rua Três Marias, s/n (Catiri), Rio de Janeiro, RJ, Brasil",Bangu,,,,,"-22,8682","-43,4790",bairro/CAS aproximado; revisar por geocodificação oficial,Listagem enviada pelo usuário
19,8ª CAS,URS,URS PROFESSORA NILDA NEY (idosos misto),BANGU,"Rua Senador Joaquim Pires, nº 115 (próximo a Creche Gente Inocente)","Rua Senador Joaquim Pires, nº 115 (próximo a Creche Gente Inocente), Rio de Janeiro, RJ, Brasil",Bangu,,,,,"-22,8748","-43,4764",bairro/CAS aproximado; revisar por geocodificação oficial,Listagem enviada pelo usuário
20,8ª CAS,URS,URS REALENGO (adultos masculino),REALENGO,"Rua Professor Carlos Wenceslau, nº 211 (próximo ao Corpo de Bombeiros)","Rua Professor Carlos Wenceslau, nº 211 (próximo ao Corpo de Bombeiros), Rio de Janeiro, RJ, Brasil",Realengo,,,,,"-22,8784","-43,4296",bairro/CAS aproximado; revisar por geocodificação oficial,Listagem enviada pelo usuário
21,9ª CAS,URS,URS PAULO FREIRE (adolescentes masculinos),CAMPO GRANDE,"Rua Torricelli, nº 61","Rua Torricelli, nº 61, Rio de Janeiro, RJ, Brasil",Campo Grande,,,,,"-22,8978","-43,5644",bairro/CAS aproximado; revisar por geocodificação oficial,Listagem enviada pelo usuário
22,10ª CAS,URS,URS RIO ACOLHEDOR PACIÊNCIA (adulto misto),SANTA CRUZ,"Av. Hermínio Aurélio Sampaio, nº 105","Av. Hermínio Aurélio Sampaio, nº 105, Rio de Janeiro, RJ, Brasil",Santa Cruz,,,,,"-22,9187","-43,6898",bairro/CAS aproximado; revisar por geocodificação oficial,Listagem enviada pelo usuário
1,1ª CAS,CENTROPOP,CENTRO POP – CENTRO POP BÁRBARA CALAZANS,CENTRO,"Rua República do Líbano, nº 54","Rua República do Líbano, nº 54, Rio de Janeiro, RJ, Brasil",Centro,,,,,"-22,9087","-43,1806",bairro/CAS aproximado; revisar por geocodificação oficial,Listagem enviada pelo usuário
2,2ª CAS,CENTROPOP,CENTRO DE CIDADANIA RINALDO DE LAMARE,SÃO CONRADO,"Av. Niemeyer, nº 776","Av. Niemeyer, nº 776, Rio de Janeiro, RJ, Brasil",São Conrado,,,,,"-22,9987","-43,2677",bairro/CAS aproximado; revisar por geocodificação oficial,Listagem enviada pelo usuário
3,4ª CAS,CENTROPOP,CENTRO POP JOSÉ SARAMAGO,BONSUCESSO,"Rua da Regeneração, nº 654","Rua da Regeneração, nº 654, Rio de Janeiro, RJ, Brasil",Bonsucesso,,,,,"-22,8620","-43,2539",bairro/CAS aproximado; revisar por geocodificação oficial,Listagem enviada pelo usuário
1,1ª CAS,CENTRAIS,CENTRAL DE RECEPÇÃO DE CRIANÇA E ADOLESCENTE ADEMAR FERREIRA DE OLIVEIRA (adolescente masculino),CENTRO,"Rua Benedito Hipólito, nº 163 (Praça Onze)","Rua Benedito Hipólito, 163, Praça Onze, Rio de Janeiro, RJ, Brasil",Centro,20211-130,,,,"-22,9068","-43,1729",bairro/CAS aproximado; revisar por geocodificação oficial,Listagem enviada pelo usuário
2,2ª CAS,CENTRAIS,REPÚBLICA PARA JOVENS - JUNIOR HELENO BARROS DE ANTÃO (adulto masculino de 18 a 21 anos),BOTAFOGO,"Rua Sorocaba, nº 595","Rua Sorocaba, 595, Botafogo, Rio de Janeiro, RJ, Brasil",Botafogo,22271-110,,,,"-22,9515","-43,1868",bairro/CAS aproximado; revisar por geocodificação oficial,Listagem enviada pelo usuário
3,3ª CAS,CENTRAIS,CENTRAL DE RECEPÇÃO DE CRIANÇAS E ADOLESCENTES TAIGUARA (masculino até 11 anos e feminino até 18 anos incompletos) ,MÉIER,"Rua Padre Ildefonso Penalba, nº 134","Rua Padre Ildefonso Penalba, 134, Méier, Rio de Janeiro, RJ, Brasil",Méier,20775-040,,,,"-22,8897","-43,2854",bairro/CAS aproximado; revisar por geocodificação oficial,Listagem enviada pelo usuário
4,3ª CAS,CENTRAIS,CENTRO DE REFERÊNCIA DE INCLUSÃO SOCIOPRODUTIVA - CRIP ,CACHAMBI,"Av. Dom Helder Câmara, 5474 (Cobertura do Norte Shopping)","Av. Dom Helder Câmara, 5474, Norte Shopping, Cachambi, Rio de Janeiro, RJ, Brasil",Cachambi,20771-004,,,,"-22,8894","-43,2826",bairro/CAS aproximado; revisar por geocodificação oficial,Listagem enviada pelo usuário
5,4ª CAS,CENTRAIS,CENTRAL DE RECEPÇÃO DE ADULTOS E FAMÍLIAS TOM JOBIM (adultos misto e famílias),ILHA DO GOVERNADOR," Estrada dos Maracajás, nº 973","Estrada dos Maracajás, 973, Galeão, Ilha do Governador, Rio de Janeiro, RJ, Brasil",Galeão,21941-570,,,,"-22,8107","-43,246",bairro/CAS aproximado; revisar por geocodificação oficial,Listagem enviada pelo usuário
